<changelog><commit>
					<time>1497798159</time>
					<sha1>a7770e97b052cd463e9c7d35718cd8f1b621c867</sha1>
					<author>santiag95</author>
					<branches>refs/heads/master</branches>
					<msg>Added the new module iLlustrate</msg>
				</commit><commit>
					<time>1497630626</time>
					<sha1>bf202e9b5d973e9821719129ee821df2c9223725</sha1>
					<author>santiag95</author>
					<branches>refs/heads/master</branches>
					<msg>Edited the last documents and added gitignore to bundle and prizm</msg>
				</commit><commit>
					<time>1497272952</time>
					<sha1>b43a33a475525304fe46e2e2e53ccd00d48de20d</sha1>
					<author>santiag95</author>
					<branches>refs/heads/master</branches>
					<msg>Changed the past documents for the templates in ilias</msg>
				</commit><commit>
					<time>1496820752</time>
					<sha1>7b16e144b2ddd65b4e567138cd159ba08071e529</sha1>
					<author>santiag95</author>
					<branches>refs/heads/master</branches>
					<msg>Finished HalloWeltPlugin inheritance</msg>
				</commit><commit>
					<time>1496820219</time>
					<sha1>2815c9be5592f2071f8eacd38fbb7bd7d0b1e6db</sha1>
					<author>santiag95</author>
					<branches>refs/heads/master</branches>
					<msg>Modified HalloWeltPlugin, inheriting the abstract methods</msg>
				</commit><commit>
					<time>1496785066</time>
					<sha1>2df58e2e0d20ade1f0449f58b4e1fb63475e0560</sha1>
					<author>santiag95</author>
					<branches>refs/heads/master</branches>
					<msg>Added assembly/src.xml file and the dependency to jmjrst-modul</msg>
				</commit><commit>
					<time>1496782813</time>
					<sha1>4c0f7b936fcb215a1c6485b3dfd2cf849df02219</sha1>
					<author>santiag95</author>
					<branches>refs/heads/master</branches>
					<msg>Added first plugin Try and modified pom</msg>
				</commit><commit>
					<time>1496776441</time>
					<sha1>d48a19a0d949e3bba7d4adc107188be2a3abbd99</sha1>
					<author>santiag95</author>
					<branches>refs/heads/master</branches>
					<msg>Corrected the pom.xml to pom packaging</msg>
				</commit><commit>
					<time>1496774664</time>
					<sha1>def2bb21f0996cb6618fbdc4c7a00090881c13d1</sha1>
					<author>santiag95</author>
					<branches>refs/heads/master</branches>
					<msg>Deleted unnecessary files</msg>
				</commit><commit>
					<time>1496772769</time>
					<sha1>274cfaeaa5da1b59c740108a2b7c9ae04223ac81</sha1>
					<author>santiag95</author>
					<branches>refs/heads/master</branches>
					<msg>Added the changelog document with the git changes.</msg>
				</commit><commit>
					<time>1496772054</time>
					<sha1>000ac98da8d15d142fa4d87c118130ad0dd2a853</sha1>
					<author>santiag95</author>
					<branches>refs/heads/master</branches>
					<msg>Changed the pom.xml with the requisites</msg>
				</commit><commit>
					<time>1496771981</time>
					<sha1>e3f91957fdc7cc1afe5d7d375ead9f76e5830d3f</sha1>
					<author>santiag95</author>
					<branches>refs/heads/master</branches>
					<msg>Edited and finished de Menu to contain the new PlugIn menu</msg>
				</commit><commit>
					<time>1496754151</time>
					<sha1>e6d3c7b7877b6baa1f62cea5f691f99946c54136</sha1>
					<author>santiag95</author>
					<branches>refs/heads/master</branches>
					<msg>edited PluginManager and JmjrstPlugin to compare and sort</msg>
				</commit><commit>
					<time>1496745535</time>
					<sha1>cb81c61d02761b51dc28eeb8162f71fb5fae78b0</sha1>
					<author>santiag95</author>
					<branches>refs/heads/master</branches>
					<msg>edited getPlugins() without the sort</msg>
				</commit><commit>
					<time>1496743486</time>
					<sha1>e54f8ac31ca24b634e1c55ebd325ac91ff43b8be</sha1>
					<author>santiag95</author>
					<branches>refs/heads/master</branches>
					<msg>Added the untracked files from previous projects</msg>
				</commit><commit>
					<time>1496743224</time>
					<sha1>ca028a40368e36b08453fb4e343d5b13e1b3f930</sha1>
					<author>santiag95</author>
					<branches>refs/heads/master</branches>
					<msg>Replaced old files for templates solutions from ilias</msg>
				</commit><commit>
					<time>1495615931</time>
					<sha1>d3e926f0ce8bc5aa499085a74d34ed4e5a7cdaa7</sha1>
					<author>santiag95</author>
					<branches>refs/heads/master</branches>
					<msg>Added the pdf document to the git</msg>
				</commit><commit>
					<time>1495615866</time>
					<sha1>aadb1837f5eb85206a638c0921b7032a76afcbef</sha1>
					<author>santiag95</author>
					<branches>refs/heads/master</branches>
					<msg>Added Javadoc comment of one of the  methods in TrianglePictureFilter class</msg>
				</commit><commit>
					<time>1495615798</time>
					<sha1>99329bfa034233732fbfe1baa5a83fa67444e196</sha1>
					<author>santiag95</author>
					<branches>refs/heads/master</branches>
					<msg>Finished and added the JavaDoc of the Triangle class</msg>
				</commit><commit>
					<time>1495615762</time>
					<sha1>834baa7f71208aae16bf03f08d2aa2c54b74019c</sha1>
					<author>santiag95</author>
					<branches>refs/heads/master</branches>
					<msg>Finished and added the JavaDoc of the RandomPointGeneratorClass</msg>
				</commit><commit>
					<time>1495615338</time>
					<sha1>79ba9b7fe7b66d6364aeab3025a77c0b3408efcf</sha1>
					<author>santiag95</author>
					<branches>refs/heads/master</branches>
					<msg>Modified the registration number to the id</msg>
				</commit><commit>
					<time>1495600541</time>
					<sha1>e73e832c214aa0bdb39945b54236fcb92864b8c5</sha1>
					<author>santiag95</author>
					<branches>refs/heads/master</branches>
					<msg>Adding modifications of the diagram</msg>
				</commit><commit>
					<time>1495600511</time>
					<sha1>713e9285a67a58919a4d69ec8b0db1fbfbf5aeb1</sha1>
					<author>santiag95</author>
					<branches>refs/heads/master</branches>
					<msg>Adding the Anwendungsfalldiagram</msg>
				</commit><commit>
					<time>1495594047</time>
					<sha1>79f6c7ae0ccb18ef7a5b765ea13f66240c6d55ee</sha1>
					<author>santiag95</author>
					<branches>refs/heads/master</branches>
					<msg>Add of the Produktdaten and Nichtfunktionale Anforderungen to the end Lastenheft</msg>
				</commit><commit>
					<time>1495592440</time>
					<sha1>2df97ff537ee94a219ae35422bb0253de5d4e077</sha1>
					<author>santiag95</author>
					<branches>refs/heads/master</branches>
					<msg>Add of the Funktionale Andforderungen</msg>
				</commit><commit>
					<time>1495591568</time>
					<sha1>c14bb164dbe40b3ceb8df7d8a77fac3a6d1711b3</sha1>
					<author>santiag95</author>
					<branches>refs/heads/master</branches>
					<msg>Edit of the Zielbestimmung and Produkteinsatz of the Lastenheft.</msg>
				</commit><commit>
					<time>1495589802</time>
					<sha1>a7c80eb42497ddc37b2ad2069f11ac9768f40f79</sha1>
					<author>santiag95</author>
					<branches>refs/heads/master</branches>
					<msg>Added the gitignore document to the git</msg>
				</commit><commit>
					<time>1495589754</time>
					<sha1>10302fe3bae188307409513141626d86c773aeb9</sha1>
					<author>santiag95</author>
					<branches>refs/heads/master</branches>
					<msg>Added the tex document to the git</msg>
				</commit><commit>
					<time>1495572298</time>
					<sha1>9a99d97a023c38211db6547ebb160162cb543c5b</sha1>
					<author>santiag95</author>
					<branches>refs/heads/master</branches>
					<msg>modified and finished the methods in the class Triangle</msg>
				</commit><commit>
					<time>1495553737</time>
					<sha1>b93c8e246ce200cac0d386561a84b5eadcfce8e9</sha1>
					<author>santiag95</author>
					<branches>refs/heads/master</branches>
					<msg>Adding all the existing and new documents into the existing git from last work paper</msg>
				</commit></changelog>